id,brand,model,color,plate,year,seats,price,availability
CAT001,Toyota,Corolla,White,B1234XYZ,2018,5,15000,Yes
CAT002,Honda,Civic,Black,D5678ABC,2020,5,18000,No
CAT003,Ford,Mustang,Red,E9012DEF,2019,4,35000,Yes
CAT004,Chevrolet,Camaro,Blue,F3456GHI,2021,4,38000,Yes
CAT005,Nissan,Altima,Silver,G7890JKL,2017,5,14000,No
CAT006,BMW,X5,Black,H1122MNO,2022,5,50000,Yes
CAT007,Mercedes,C-Class,White,I3344PQR,2020,5,45000,No
CAT008,Audi,A4,Grey,J5566STU,2019,5,42000,Yes
CAT009,Hyundai,Elantra,Blue,K7788VWX,2018,5,17000,Yes
CAT010,Kia,Sorento,Red,L9900YZA,2021,7,28000,No
CAT011,Subaru,Impreza,Silver,M1123BCD,2020,5,22000,Yes
CAT012,Mazda,CX-5,Black,N3345EFG,2019,5,26000,Yes
CAT013,Tesla,Model 3,White,O5567HIJ,2022,5,55000,No
CAT014,Volkswagen,Jetta,Blue,P7789KLM,2017,5,16000,Yes
CAT015,Volvo,XC60,Grey,Q9901NOP,2019,5,48000,No
CAT016,Lexus,RX 350,Silver,R1124QRS,2021,5,52000,Yes
CAT017,Jeep,Wrangler,Green,S3346TUV,2020,5,36000,Yes
CAT018,Dodge,Charger,Black,T5568WXY,2019,5,32000,No
CAT019,Ram,1500,White,U7790ZAB,2018,5,40000,Yes
CAT020,GMC,Terrain,Red,V1125CDE,2022,5,31000,No
CAT021,Cadillac,Escalade,Black,W3347FGH,2021,7,70000,Yes
CAT022,Porsche,911,Silver,X5569IJK,2020,2,90000,No
CAT023,Ferrari,488,Red,Y7791LMN,2021,2,250000,Yes
CAT024,Lamborghini,Huracan,Yellow,Z9902OPQ,2022,2,300000,No
CAT025,McLaren,720S,Orange,A1134RST,2020,2,280000,Yes
